feature,importance
total_revenue,0.6275094731432697
total_orders,0.11829124029994381
monetary_per_order,0.1160648929624763
frequency,0.07091279646862093
avg_order_value,0.05200555620791677
rfm_score,0.009511783758045326
recency_days,0.002073575118679502
returns_rate,0.0014737201826613617
tenure_months,0.0011509358919162785
age,0.0007754628468706508
gender_Male,0.00016486342413529216
gender_Other,6.569969546419991e-05
